{
  "accuracy": 0.7135,
  "precision": 0.38722826086956524,
  "recall": 0.7002457002457002,
  "f1": 0.49868766404199477,
  "roc_auc": 0.7771654551315569,
  "confusion_matrix": [
    [
      1142,
      451
    ],
    [
      122,
      285
    ]
  ]
}